{"position":["DB","DL","LB","OL","QB","RB","S","SP","TE","WR"],"power_clean":[236.666666666667,291.5,276.666666666667,281.111111111111,225,279,263.333333333333,229,271.666666666667,268.75],"squat":[401.666666666667,459.166666666667,460.555555555556,526.666666666667,355,486,423.333333333333,355,430,426.875],"bench":[265,309.818181818182,314.5,355.555555555556,247.5,316,295,248,281,290.555555555556],"wing":[74.5833333333333,77.25,74.9545454545455,76.4,75.2,71.4,72.3333333333333,74.5,77,73.4444444444444],"weight":[184,260.341666666667,220.118181818182,287.58,204.72,200,187.366666666667,197.4,236.8,191.13],"height":[71.02,75.4464285714286,73.0381818181818,75.0954545454545,74.04,68.71,71.1,73.38,75.39,71.448],"flying_10":[1.0375,1.1075,1.04666666666667,1.2,1.07,1.03,1.04,"NaN",1.115,1.02666666666667],"dash_10y":[1.635,19.489,1.74,1.85,1.7225,1.64666666666667,1.676,1.7275,1.71333333333333,1.67285714285714],"vert_vertec":[35.8333333333333,30.6111111111111,32.3333333333333,26.1666666666667,29.875,32.9,34.8333333333333,28.6,31.5,33.5833333333333],"vert_mat":[31.34,28.4111111111111,30.0857142857143,23.4166666666667,26.25,34.475,31.82,27,24.9,32.4888888888889],"broad_jump":[112.666666666667,106.5625,110.944444444444,95,105.833333333333,110.7,119.875,104.75,108.5,116.833333333333],"bench_225":[5.66666666666667,15.9166666666667,15.1818181818182,21,6.25,15.4,9.16666666666667,3,10.75,10.1111111111111],"shuttle_60y":[12.3016666666667,13.2227272727273,12.597,13.6542857142857,12.945,12.786,12.48,13.352,13.1025,12.3733333333333],"l_drill":[7.16333333333333,7.59090909090909,7.355,7.868,7.06666666666667,7.25,7.25333333333333,7.48,7.66,7.0125],"pro_agil":[4.638,4.98818181818182,4.681,4.99428571428571,4.7625,4.706,4.72,4.82,5.03,4.57571428571429]}
